team_id,team_name,competition_id,competition_name,season_id,season_name,num_matches
1,Arsenal,2,Premier League,27,2015/2016,38
1,Arsenal,2,Premier League,44,2003/2004,38
22,Leicester City,2,Premier League,27,2015/2016,38
22,Leicester City,2,Premier League,44,2003/2004,2
23,Watford,2,Premier League,27,2015/2016,38
24,Liverpool,2,Premier League,27,2015/2016,38
24,Liverpool,2,Premier League,44,2003/2004,2
24,Liverpool,16,Champions League,1,2017/2018,1
24,Liverpool,16,Champions League,4,2018/2019,1
24,Liverpool,16,Champions League,37,2004/2005,1
24,Liverpool,16,Champions League,39,2006/2007,1
25,Southampton,2,Premier League,27,2015/2016,38
25,Southampton,2,Premier League,44,2003/2004,2
26,Swansea City,2,Premier League,27,2015/2016,38
27,West Bromwich Albion,2,Premier League,27,2015/2016,38
28,AFC Bournemouth,2,Premier League,27,2015/2016,38
29,Everton,2,Premier League,27,2015/2016,38
29,Everton,2,Premier League,44,2003/2004,2
30,Stoke City,2,Premier League,27,2015/2016,38
31,Crystal Palace,2,Premier League,27,2015/2016,38
33,Chelsea,2,Premier League,27,2015/2016,38
33,Chelsea,2,Premier League,44,2003/2004,2
33,Chelsea,16,Champions League,23,2011/2012,1
36,Manchester City,2,Premier League,27,2015/2016,38
36,Manchester City,2,Premier League,44,2003/2004,2
37,Newcastle United,2,Premier League,27,2015/2016,38
37,Newcastle United,2,Premier League,44,2003/2004,2
38,Tottenham Hotspur,2,Premier League,27,2015/2016,38
38,Tottenham Hotspur,2,Premier League,44,2003/2004,2
38,Tottenham Hotspur,16,Champions League,4,2018/2019,1
39,Manchester United,2,Premier League,27,2015/2016,38
39,Manchester United,2,Premier League,44,2003/2004,2
39,Manchester United,16,Champions League,22,2010/2011,1
39,Manchester United,16,Champions League,41,2008/2009,1
39,Manchester United,16,Champions League,76,1999/2000,1
40,West Ham United,2,Premier League,27,2015/2016,38
41,Sunderland,2,Premier League,27,2015/2016,38
46,Wolverhampton Wanderers,2,Premier League,44,2003/2004,2
47,Middlesbrough,2,Premier League,44,2003/2004,2
54,Birmingham City,2,Premier League,44,2003/2004,2
55,Fulham,2,Premier League,44,2003/2004,2
56,Norwich City,2,Premier League,27,2015/2016,38
59,Aston Villa,2,Premier League,27,2015/2016,38
59,Aston Villa,2,Premier League,44,2003/2004,2
75,Charlton Athletic,2,Premier League,44,2003/2004,2
98,Blackburn Rovers,2,Premier League,44,2003/2004,2
101,Leeds United,2,Premier League,44,2003/2004,2
105,Portsmouth,2,Premier League,44,2003/2004,2
129,AS Monaco,7,Ligue 1,27,2015/2016,38
129,AS Monaco,7,Ligue 1,108,2021/2022,1
129,AS Monaco,7,Ligue 1,235,2022/2023,1
129,AS Monaco,16,Champions League,44,2003/2004,1
130,Toulouse,7,Ligue 1,27,2015/2016,38
130,Toulouse,7,Ligue 1,235,2022/2023,2
131,Paris Saint-Germain,7,Ligue 1,27,2015/2016,37
131,Paris Saint-Germain,7,Ligue 1,108,2021/2022,26
131,Paris Saint-Germain,7,Ligue 1,235,2022/2023,32
133,Troyes,7,Ligue 1,27,2015/2016,37
133,Troyes,7,Ligue 1,108,2021/2022,1
133,Troyes,7,Ligue 1,235,2022/2023,1
134,Rennes,7,Ligue 1,27,2015/2016,38
134,Rennes,7,Ligue 1,108,2021/2022,2
134,Rennes,7,Ligue 1,235,2022/2023,2
135,Saint-Étienne,7,Ligue 1,27,2015/2016,37
135,Saint-Étienne,7,Ligue 1,108,2021/2022,2
136,OGC Nice,7,Ligue 1,27,2015/2016,38
136,OGC Nice,7,Ligue 1,108,2021/2022,2
136,OGC Nice,7,Ligue 1,235,2022/2023,2
137,Lyon,7,Ligue 1,27,2015/2016,38
137,Lyon,7,Ligue 1,108,2021/2022,1
137,Lyon,7,Ligue 1,235,2022/2023,2
138,Strasbourg,7,Ligue 1,108,2021/2022,1
138,Strasbourg,7,Ligue 1,235,2022/2023,1
139,Montpellier,7,Ligue 1,27,2015/2016,38
139,Montpellier,7,Ligue 1,108,2021/2022,1
139,Montpellier,7,Ligue 1,235,2022/2023,2
140,Stade Malherbe Caen,7,Ligue 1,27,2015/2016,38
141,Metz,7,Ligue 1,108,2021/2022,1
142,Guingamp,7,Ligue 1,27,2015/2016,38
143,Lille,7,Ligue 1,27,2015/2016,38
143,Lille,7,Ligue 1,108,2021/2022,2
143,Lille,7,Ligue 1,235,2022/2023,2
144,Nantes,7,Ligue 1,27,2015/2016,38
144,Nantes,7,Ligue 1,108,2021/2022,2
144,Nantes,7,Ligue 1,235,2022/2023,2
145,Angers,7,Ligue 1,27,2015/2016,38
145,Angers,7,Ligue 1,235,2022/2023,2
146,Bordeaux,7,Ligue 1,27,2015/2016,37
146,Bordeaux,7,Ligue 1,108,2021/2022,1
147,Olympique de Marseille,7,Ligue 1,27,2015/2016,38
147,Olympique de Marseille,7,Ligue 1,108,2021/2022,2
147,Olympique de Marseille,7,Ligue 1,235,2022/2023,2
152,Clermont Foot,7,Ligue 1,108,2021/2022,1
152,Clermont Foot,7,Ligue 1,235,2022/2023,2
153,Stade Brestois,7,Ligue 1,235,2022/2023,2
156,Stade de Reims,7,Ligue 1,27,2015/2016,38
156,Stade de Reims,7,Ligue 1,108,2021/2022,2
156,Stade de Reims,7,Ligue 1,235,2022/2023,1
158,AC Ajaccio,7,Ligue 1,235,2022/2023,2
160,Gazélec Ajaccio,7,Ligue 1,27,2015/2016,37
165,Lorient,7,Ligue 1,27,2015/2016,38
165,Lorient,7,Ligue 1,108,2021/2022,2
165,Lorient,7,Ligue 1,235,2022/2023,1
167,Auxerre,7,Ligue 1,235,2022/2023,2
168,Lens,7,Ligue 1,108,2021/2022,2
168,Lens,7,Ligue 1,235,2022/2023,1
169,Bayern Munich,9,1. Bundesliga,27,2015/2016,2
169,Bayern Munich,9,1. Bundesliga,281,2023/2024,2
169,Bayern Munich,16,Champions League,21,2009/2010,1
169,Bayern Munich,16,Champions League,23,2011/2012,1
169,Bayern Munich,16,Champions League,24,2012/2013,1
169,Bayern Munich,35,UEFA Europa League,75,1988/1989,1
171,Hamburger SV,9,1. Bundesliga,27,2015/2016,2
172,Augsburg,9,1. Bundesliga,27,2015/2016,2
172,Augsburg,9,1. Bundesliga,281,2023/2024,2
173,Hertha Berlin,9,1. Bundesliga,27,2015/2016,2
174,VfB Stuttgart,9,1. Bundesliga,27,2015/2016,2
174,VfB Stuttgart,9,1. Bundesliga,281,2023/2024,2
174,VfB Stuttgart,35,UEFA Europa League,75,1988/1989,1
175,Hoffenheim,9,1. Bundesliga,27,2015/2016,2
175,Hoffenheim,9,1. Bundesliga,281,2023/2024,2
176,Werder Bremen,9,1. Bundesliga,27,2015/2016,2
176,Werder Bremen,9,1. Bundesliga,281,2023/2024,2
177,FSV Mainz 05,9,1. Bundesliga,27,2015/2016,2
177,FSV Mainz 05,9,1. Bundesliga,281,2023/2024,2
178,Hannover 96,9,1. Bundesliga,27,2015/2016,2
179,Wolfsburg,9,1. Bundesliga,27,2015/2016,2
179,Wolfsburg,9,1. Bundesliga,281,2023/2024,2
180,Borussia Dortmund,9,1. Bundesliga,27,2015/2016,2
180,Borussia Dortmund,9,1. Bundesliga,281,2023/2024,2
180,Borussia Dortmund,16,Champions League,24,2012/2013,1
181,Schalke 04,9,1. Bundesliga,27,2015/2016,2
182,RB Leipzig,9,1. Bundesliga,281,2023/2024,2
183,Freiburg,9,1. Bundesliga,281,2023/2024,2
184,Eintracht Frankfurt,9,1. Bundesliga,27,2015/2016,2
184,Eintracht Frankfurt,9,1. Bundesliga,281,2023/2024,2
185,Borussia Mönchengladbach,9,1. Bundesliga,27,2015/2016,2
185,Borussia Mönchengladbach,9,1. Bundesliga,281,2023/2024,2
186,FC Köln,9,1. Bundesliga,27,2015/2016,2
186,FC Köln,9,1. Bundesliga,281,2023/2024,2
189,Ingolstadt,9,1. Bundesliga,27,2015/2016,2
190,Union Berlin,9,1. Bundesliga,281,2023/2024,2
201,FC Heidenheim,9,1. Bundesliga,281,2023/2024,2
205,Leganés,11,La Liga,1,2017/2018,2
205,Leganés,11,La Liga,2,2016/2017,2
205,Leganés,11,La Liga,4,2018/2019,2
205,Leganés,11,La Liga,42,2019/2020,2
206,Deportivo Alavés,11,La Liga,1,2017/2018,2
206,Deportivo Alavés,11,La Liga,2,2016/2017,2
206,Deportivo Alavés,11,La Liga,4,2018/2019,2
206,Deportivo Alavés,11,La Liga,38,2005/2006,1
206,Deportivo Alavés,11,La Liga,42,2019/2020,2
206,Deportivo Alavés,11,La Liga,90,2020/2021,2
207,Valencia,11,La Liga,1,2017/2018,2
207,Valencia,11,La Liga,2,2016/2017,2
207,Valencia,11,La Liga,4,2018/2019,2
207,Valencia,11,La Liga,21,2009/2010,2
207,Valencia,11,La Liga,22,2010/2011,2
207,Valencia,11,La Liga,23,2011/2012,2
207,Valencia,11,La Liga,24,2012/2013,2
207,Valencia,11,La Liga,25,2013/2014,2
207,Valencia,11,La Liga,26,2014/2015,2
207,Valencia,11,La Liga,27,2015/2016,38
207,Valencia,11,La Liga,39,2006/2007,2
207,Valencia,11,La Liga,40,2007/2008,2
207,Valencia,11,La Liga,41,2008/2009,2
207,Valencia,11,La Liga,42,2019/2020,1
207,Valencia,11,La Liga,90,2020/2021,2
208,Las Palmas,11,La Liga,1,2017/2018,2
208,Las Palmas,11,La Liga,2,2016/2017,2
208,Las Palmas,11,La Liga,27,2015/2016,38
208,Las Palmas,87,Copa del Rey,279,1977/1978,1
209,Celta Vigo,11,La Liga,1,2017/2018,2
209,Celta Vigo,11,La Liga,2,2016/2017,1
209,Celta Vigo,11,La Liga,4,2018/2019,1
209,Celta Vigo,11,La Liga,24,2012/2013,2
209,Celta Vigo,11,La Liga,25,2013/2014,2
209,Celta Vigo,11,La Liga,26,2014/2015,2
209,Celta Vigo,11,La Liga,27,2015/2016,38
209,Celta Vigo,11,La Liga,38,2005/2006,1
209,Celta Vigo,11,La Liga,39,2006/2007,1
209,Celta Vigo,11,La Liga,42,2019/2020,2
209,Celta Vigo,11,La Liga,90,2020/2021,2
210,Real Sociedad,11,La Liga,1,2017/2018,2
210,Real Sociedad,11,La Liga,2,2016/2017,2
210,Real Sociedad,11,La Liga,4,2018/2019,2
210,Real Sociedad,11,La Liga,22,2010/2011,2
210,Real Sociedad,11,La Liga,23,2011/2012,2
210,Real Sociedad,11,La Liga,24,2012/2013,2
210,Real Sociedad,11,La Liga,25,2013/2014,2
210,Real Sociedad,11,La Liga,26,2014/2015,2
210,Real Sociedad,11,La Liga,27,2015/2016,38
210,Real Sociedad,11,La Liga,39,2006/2007,1
210,Real Sociedad,11,La Liga,42,2019/2020,2
210,Real Sociedad,11,La Liga,90,2020/2021,2
211,Girona,11,La Liga,1,2017/2018,2
211,Girona,11,La Liga,4,2018/2019,2
212,Atlético Madrid,11,La Liga,1,2017/2018,2
212,Atlético Madrid,11,La Liga,2,2016/2017,2
212,Atlético Madrid,11,La Liga,4,2018/2019,2
212,Atlético Madrid,11,La Liga,21,2009/2010,2
212,Atlético Madrid,11,La Liga,22,2010/2011,2
212,Atlético Madrid,11,La Liga,23,2011/2012,2
212,Atlético Madrid,11,La Liga,24,2012/2013,2
212,Atlético Madrid,11,La Liga,25,2013/2014,2
212,Atlético Madrid,11,La Liga,26,2014/2015,2
212,Atlético Madrid,11,La Liga,27,2015/2016,38
212,Atlético Madrid,11,La Liga,38,2005/2006,1
212,Atlético Madrid,11,La Liga,39,2006/2007,1
212,Atlético Madrid,11,La Liga,40,2007/2008,2
212,Atlético Madrid,11,La Liga,41,2008/2009,2
212,Atlético Madrid,11,La Liga,42,2019/2020,2
212,Atlético Madrid,11,La Liga,90,2020/2021,2
212,Atlético Madrid,16,Champions League,25,2013/2014,1
212,Atlético Madrid,16,Champions League,27,2015/2016,1
213,Sevilla,11,La Liga,1,2017/2018,2
213,Sevilla,11,La Liga,2,2016/2017,2
213,Sevilla,11,La Liga,4,2018/2019,2
213,Sevilla,11,La Liga,21,2009/2010,2
213,Sevilla,11,La Liga,22,2010/2011,2
213,Sevilla,11,La Liga,23,2011/2012,2
213,Sevilla,11,La Liga,24,2012/2013,2
213,Sevilla,11,La Liga,25,2013/2014,2
213,Sevilla,11,La Liga,26,2014/2015,2
213,Sevilla,11,La Liga,27,2015/2016,38
213,Sevilla,11,La Liga,38,2005/2006,1
213,Sevilla,11,La Liga,39,2006/2007,2
213,Sevilla,11,La Liga,40,2007/2008,2
213,Sevilla,11,La Liga,41,2008/2009,1
213,Sevilla,11,La Liga,42,2019/2020,2
213,Sevilla,11,La Liga,90,2020/2021,2
214,Espanyol,11,La Liga,1,2017/2018,2
214,Espanyol,11,La Liga,2,2016/2017,2
214,Espanyol,11,La Liga,4,2018/2019,2
214,Espanyol,11,La Liga,21,2009/2010,1
214,Espanyol,11,La Liga,22,2010/2011,2
214,Espanyol,11,La Liga,23,2011/2012,2
214,Espanyol,11,La Liga,24,2012/2013,1
214,Espanyol,11,La Liga,25,2013/2014,2
214,Espanyol,11,La Liga,26,2014/2015,2
214,Espanyol,11,La Liga,27,2015/2016,38
214,Espanyol,11,La Liga,37,2004/2005,1
214,Espanyol,11,La Liga,38,2005/2006,1
214,Espanyol,11,La Liga,39,2006/2007,1
214,Espanyol,11,La Liga,40,2007/2008,2
214,Espanyol,11,La Liga,41,2008/2009,2
214,Espanyol,11,La Liga,42,2019/2020,2
215,Athletic Club,11,La Liga,1,2017/2018,2
215,Athletic Club,11,La Liga,2,2016/2017,2
215,Athletic Club,11,La Liga,4,2018/2019,2
215,Athletic Club,11,La Liga,21,2009/2010,2
215,Athletic Club,11,La Liga,22,2010/2011,1
215,Athletic Club,11,La Liga,23,2011/2012,2
215,Athletic Club,11,La Liga,24,2012/2013,2
215,Athletic Club,11,La Liga,25,2013/2014,1
215,Athletic Club,11,La Liga,26,2014/2015,2
215,Athletic Club,11,La Liga,27,2015/2016,38
215,Athletic Club,11,La Liga,38,2005/2006,1
215,Athletic Club,11,La Liga,39,2006/2007,2
215,Athletic Club,11,La Liga,40,2007/2008,2
215,Athletic Club,11,La Liga,41,2008/2009,1
215,Athletic Club,11,La Liga,42,2019/2020,1
215,Athletic Club,11,La Liga,90,2020/2021,2
215,Athletic Club,87,Copa del Rey,84,1983/1984,1
216,Getafe,11,La Liga,1,2017/2018,2
216,Getafe,11,La Liga,4,2018/2019,2
216,Getafe,11,La Liga,21,2009/2010,2
216,Getafe,11,La Liga,22,2010/2011,2
216,Getafe,11,La Liga,23,2011/2012,2
216,Getafe,11,La Liga,24,2012/2013,2
216,Getafe,11,La Liga,25,2013/2014,1
216,Getafe,11,La Liga,26,2014/2015,2
216,Getafe,11,La Liga,27,2015/2016,38
216,Getafe,11,La Liga,37,2004/2005,1
216,Getafe,11,La Liga,38,2005/2006,1
216,Getafe,11,La Liga,39,2006/2007,1
216,Getafe,11,La Liga,40,2007/2008,1
216,Getafe,11,La Liga,41,2008/2009,1
216,Getafe,11,La Liga,42,2019/2020,1
216,Getafe,11,La Liga,90,2020/2021,2
217,Barcelona,11,La Liga,1,2017/2018,36
217,Barcelona,11,La Liga,2,2016/2017,34
217,Barcelona,11,La Liga,4,2018/2019,34
217,Barcelona,11,La Liga,21,2009/2010,35
217,Barcelona,11,La Liga,22,2010/2011,33
217,Barcelona,11,La Liga,23,2011/2012,37
217,Barcelona,11,La Liga,24,2012/2013,32
217,Barcelona,11,La Liga,25,2013/2014,31
217,Barcelona,11,La Liga,26,2014/2015,38
217,Barcelona,11,La Liga,27,2015/2016,38
217,Barcelona,11,La Liga,37,2004/2005,7
217,Barcelona,11,La Liga,38,2005/2006,17
217,Barcelona,11,La Liga,39,2006/2007,26
217,Barcelona,11,La Liga,40,2007/2008,27
217,Barcelona,11,La Liga,41,2008/2009,31
217,Barcelona,11,La Liga,42,2019/2020,33
217,Barcelona,11,La Liga,90,2020/2021,35
217,Barcelona,11,La Liga,278,1973/1974,1
217,Barcelona,16,Champions League,22,2010/2011,1
217,Barcelona,16,Champions League,26,2014/2015,1
217,Barcelona,16,Champions League,41,2008/2009,1
217,Barcelona,87,Copa del Rey,84,1983/1984,1
217,Barcelona,87,Copa del Rey,268,1982/1983,1
217,Barcelona,87,Copa del Rey,279,1977/1978,1
218,Real Betis,11,La Liga,1,2017/2018,2
218,Real Betis,11,La Liga,2,2016/2017,2
218,Real Betis,11,La Liga,4,2018/2019,2
218,Real Betis,11,La Liga,23,2011/2012,2
218,Real Betis,11,La Liga,24,2012/2013,2
218,Real Betis,11,La Liga,25,2013/2014,2
218,Real Betis,11,La Liga,27,2015/2016,38
218,Real Betis,11,La Liga,38,2005/2006,1
218,Real Betis,11,La Liga,39,2006/2007,1
218,Real Betis,11,La Liga,40,2007/2008,1
218,Real Betis,11,La Liga,41,2008/2009,2
218,Real Betis,11,La Liga,42,2019/2020,1
218,Real Betis,11,La Liga,90,2020/2021,2
219,RC Deportivo La Coruña,11,La Liga,1,2017/2018,2
219,RC Deportivo La Coruña,11,La Liga,2,2016/2017,2
219,RC Deportivo La Coruña,11,La Liga,21,2009/2010,2
219,RC Deportivo La Coruña,11,La Liga,22,2010/2011,1
219,RC Deportivo La Coruña,11,La Liga,24,2012/2013,2
219,RC Deportivo La Coruña,11,La Liga,26,2014/2015,2
219,RC Deportivo La Coruña,11,La Liga,27,2015/2016,38
219,RC Deportivo La Coruña,11,La Liga,39,2006/2007,2
219,RC Deportivo La Coruña,11,La Liga,40,2007/2008,1
219,RC Deportivo La Coruña,11,La Liga,41,2008/2009,1
220,Real Madrid,11,La Liga,1,2017/2018,2
220,Real Madrid,11,La Liga,2,2016/2017,2
220,Real Madrid,11,La Liga,4,2018/2019,1
220,Real Madrid,11,La Liga,21,2009/2010,2
220,Real Madrid,11,La Liga,22,2010/2011,2
220,Real Madrid,11,La Liga,23,2011/2012,2
220,Real Madrid,11,La Liga,24,2012/2013,2
220,Real Madrid,11,La Liga,25,2013/2014,2
220,Real Madrid,11,La Liga,26,2014/2015,2
220,Real Madrid,11,La Liga,27,2015/2016,38
220,Real Madrid,11,La Liga,38,2005/2006,1
220,Real Madrid,11,La Liga,39,2006/2007,2
220,Real Madrid,11,La Liga,40,2007/2008,1
220,Real Madrid,11,La Liga,41,2008/2009,2
220,Real Madrid,11,La Liga,42,2019/2020,2
220,Real Madrid,11,La Liga,90,2020/2021,2
220,Real Madrid,11,La Liga,278,1973/1974,1
220,Real Madrid,16,Champions League,1,2017/2018,1
220,Real Madrid,16,Champions League,2,2016/2017,1
220,Real Madrid,16,Champions League,25,2013/2014,1
220,Real Madrid,16,Champions League,27,2015/2016,1
220,Real Madrid,87,Copa del Rey,268,1982/1983,1
221,Levante UD,11,La Liga,1,2017/2018,1
221,Levante UD,11,La Liga,4,2018/2019,2
221,Levante UD,11,La Liga,22,2010/2011,1
221,Levante UD,11,La Liga,23,2011/2012,2
221,Levante UD,11,La Liga,24,2012/2013,1
221,Levante UD,11,La Liga,25,2013/2014,2
221,Levante UD,11,La Liga,26,2014/2015,2
221,Levante UD,11,La Liga,27,2015/2016,38
221,Levante UD,11,La Liga,37,2004/2005,1
221,Levante UD,11,La Liga,39,2006/2007,1
221,Levante UD,11,La Liga,40,2007/2008,2
221,Levante UD,11,La Liga,42,2019/2020,2
221,Levante UD,11,La Liga,90,2020/2021,2
222,Villarreal,11,La Liga,1,2017/2018,2
222,Villarreal,11,La Liga,2,2016/2017,2
222,Villarreal,11,La Liga,4,2018/2019,2
222,Villarreal,11,La Liga,21,2009/2010,1
222,Villarreal,11,La Liga,22,2010/2011,2
222,Villarreal,11,La Liga,23,2011/2012,2
222,Villarreal,11,La Liga,25,2013/2014,1
222,Villarreal,11,La Liga,26,2014/2015,2
222,Villarreal,11,La Liga,27,2015/2016,38
222,Villarreal,11,La Liga,38,2005/2006,1
222,Villarreal,11,La Liga,39,2006/2007,1
222,Villarreal,11,La Liga,40,2007/2008,1
222,Villarreal,11,La Liga,41,2008/2009,2
222,Villarreal,11,La Liga,42,2019/2020,2
222,Villarreal,11,La Liga,90,2020/2021,2
223,Málaga,11,La Liga,1,2017/2018,1
223,Málaga,11,La Liga,2,2016/2017,1
223,Málaga,11,La Liga,21,2009/2010,2
223,Málaga,11,La Liga,22,2010/2011,1
223,Málaga,11,La Liga,23,2011/2012,2
223,Málaga,11,La Liga,24,2012/2013,1
223,Málaga,11,La Liga,25,2013/2014,1
223,Málaga,11,La Liga,26,2014/2015,2
223,Málaga,11,La Liga,27,2015/2016,38
223,Málaga,11,La Liga,37,2004/2005,1
223,Málaga,11,La Liga,38,2005/2006,1
223,Málaga,11,La Liga,41,2008/2009,2
224,Juventus,12,Serie A,27,2015/2016,38
224,Juventus,12,Serie A,86,1986/1987,1
224,Juventus,16,Champions League,2,2016/2017,1
224,Juventus,16,Champions League,26,2014/2015,1
224,Juventus,16,Champions League,277,1972/1973,1
226,Hellas Verona,12,Serie A,27,2015/2016,38
227,Napoli,12,Serie A,27,2015/2016,38
227,Napoli,12,Serie A,86,1986/1987,1
227,Napoli,35,UEFA Europa League,75,1988/1989,3
228,Atalanta,12,Serie A,27,2015/2016,38
229,AS Roma,12,Serie A,27,2015/2016,38
230,Udinese,12,Serie A,27,2015/2016,38
231,Chievo,12,Serie A,27,2015/2016,38
232,Sassuolo,12,Serie A,27,2015/2016,38
233,Genoa,12,Serie A,27,2015/2016,38
234,Sampdoria,12,Serie A,27,2015/2016,38
236,Lazio,12,Serie A,27,2015/2016,38
238,Inter Milan,12,Serie A,27,2015/2016,38
238,Inter Milan,16,Champions League,21,2009/2010,1
238,Inter Milan,16,Champions League,71,1971/1972,1
239,Fiorentina,12,Serie A,27,2015/2016,38
239,Fiorentina,16,Champions League,76,1999/2000,1
240,Bologna,12,Serie A,27,2015/2016,38
241,Torino,12,Serie A,27,2015/2016,38
243,AC Milan,12,Serie A,27,2015/2016,38
243,AC Milan,16,Champions League,37,2004/2005,1
243,AC Milan,16,Champions League,39,2006/2007,1
256,FC Porto,16,Champions League,44,2003/2004,1
290,Empoli,12,Serie A,27,2015/2016,38
291,Frosinone,12,Serie A,27,2015/2016,38
322,Eibar,11,La Liga,1,2017/2018,2
322,Eibar,11,La Liga,2,2016/2017,2
322,Eibar,11,La Liga,4,2018/2019,2
322,Eibar,11,La Liga,26,2014/2015,2
322,Eibar,11,La Liga,27,2015/2016,38
322,Eibar,11,La Liga,42,2019/2020,2
328,Bolton Wanderers,2,Premier League,44,2003/2004,2
360,Rayo Vallecano,11,La Liga,4,2018/2019,1
360,Rayo Vallecano,11,La Liga,23,2011/2012,2
360,Rayo Vallecano,11,La Liga,24,2012/2013,2
360,Rayo Vallecano,11,La Liga,25,2013/2014,2
360,Rayo Vallecano,11,La Liga,26,2014/2015,2
360,Rayo Vallecano,11,La Liga,27,2015/2016,38
373,Córdoba CF,11,La Liga,26,2014/2015,2
387,New York Red Bulls,44,Major League Soccer,107,2023,1
395,Real Zaragoza,11,La Liga,21,2009/2010,2
395,Real Zaragoza,11,La Liga,22,2010/2011,2
395,Real Zaragoza,11,La Liga,23,2011/2012,2
395,Real Zaragoza,11,La Liga,24,2012/2013,1
395,Real Zaragoza,11,La Liga,38,2005/2006,2
395,Real Zaragoza,11,La Liga,39,2006/2007,2
395,Real Zaragoza,11,La Liga,40,2007/2008,1
403,Almería,11,La Liga,21,2009/2010,2
403,Almería,11,La Liga,22,2010/2011,2
403,Almería,11,La Liga,25,2013/2014,2
403,Almería,11,La Liga,26,2014/2015,2
403,Almería,11,La Liga,40,2007/2008,1
403,Almería,11,La Liga,41,2008/2009,2
422,Osasuna,11,La Liga,2,2016/2017,2
422,Osasuna,11,La Liga,21,2009/2010,2
422,Osasuna,11,La Liga,22,2010/2011,2
422,Osasuna,11,La Liga,23,2011/2012,2
422,Osasuna,11,La Liga,24,2012/2013,2
422,Osasuna,11,La Liga,25,2013/2014,2
422,Osasuna,11,La Liga,37,2004/2005,1
422,Osasuna,11,La Liga,38,2005/2006,1
422,Osasuna,11,La Liga,39,2006/2007,1
422,Osasuna,11,La Liga,40,2007/2008,1
422,Osasuna,11,La Liga,41,2008/2009,1
422,Osasuna,11,La Liga,42,2019/2020,1
422,Osasuna,11,La Liga,90,2020/2021,2
444,CD Numancia de Soria,11,La Liga,41,2008/2009,2
488,Seattle Sounders,116,North American League,68,1977,1
489,Cincinnati,44,Major League Soccer,107,2023,1
552,Cádiz,11,La Liga,38,2005/2006,1
552,Cádiz,11,La Liga,90,2020/2021,2
575,Toronto FC,44,Major League Soccer,107,2023,1
608,Albacete,11,La Liga,37,2004/2005,2
627,Tenerife,11,La Liga,21,2009/2010,2
746,Manchester City WFC,37,FA Women's Super League,4,2018/2019,20
746,Manchester City WFC,37,FA Women's Super League,42,2019/2020,16
746,Manchester City WFC,37,FA Women's Super League,90,2020/2021,22
746,Manchester City WFC,37,FA Women's Super League,281,2023/2024,22
749,Tottenham Hotspur Women,37,FA Women's Super League,42,2019/2020,15
749,Tottenham Hotspur Women,37,FA Women's Super League,90,2020/2021,21
749,Tottenham Hotspur Women,37,FA Women's Super League,281,2023/2024,22
759,Washington Spirit,49,NWSL,3,2018,9
759,Washington Spirit,49,NWSL,107,2023,22
760,Seattle Reign,49,NWSL,3,2018,7
760,Seattle Reign,49,NWSL,107,2023,25
761,Chicago Red Stars,49,NWSL,3,2018,7
761,Chicago Red Stars,49,NWSL,107,2023,22
762,Houston Dash,49,NWSL,3,2018,5
762,Houston Dash,49,NWSL,107,2023,22
763,NJ/NY Gotham FC,49,NWSL,3,2018,7
763,NJ/NY Gotham FC,49,NWSL,107,2023,25
764,Orlando Pride,49,NWSL,3,2018,8
764,Orlando Pride,49,NWSL,107,2023,22
765,Portland Thorns,49,NWSL,3,2018,7
765,Portland Thorns,49,NWSL,107,2023,23
766,North Carolina Courage,49,NWSL,3,2018,13
766,North Carolina Courage,49,NWSL,107,2023,23
767,Utah Royals,49,NWSL,3,2018,9
768,England,43,FIFA World Cup,3,2018,7
768,England,43,FIFA World Cup,54,1986,1
768,England,43,FIFA World Cup,106,2022,5
768,England,43,FIFA World Cup,272,1970,1
768,England,55,UEFA Euro,43,2020,7
768,England,55,UEFA Euro,282,2024,7
769,Colombia,43,FIFA World Cup,3,2018,4
769,Colombia,223,Copa America,282,2024,6
770,Germany,43,FIFA World Cup,3,2018,3
770,Germany,43,FIFA World Cup,51,1974,2
770,Germany,43,FIFA World Cup,54,1986,1
770,Germany,43,FIFA World Cup,106,2022,3
770,Germany,55,UEFA Euro,43,2020,4
770,Germany,55,UEFA Euro,282,2024,5
771,France,43,FIFA World Cup,3,2018,7
771,France,43,FIFA World Cup,106,2022,7
771,France,43,FIFA World Cup,269,1958,1
771,France,55,UEFA Euro,43,2020,4
771,France,55,UEFA Euro,282,2024,6
772,Spain,43,FIFA World Cup,3,2018,4
772,Spain,43,FIFA World Cup,106,2022,4
772,Spain,55,UEFA Euro,43,2020,6
772,Spain,55,UEFA Euro,282,2024,7
773,Switzerland,43,FIFA World Cup,3,2018,4
773,Switzerland,43,FIFA World Cup,106,2022,4
773,Switzerland,55,UEFA Euro,43,2020,5
773,Switzerland,55,UEFA Euro,282,2024,5
774,Egypt,43,FIFA World Cup,3,2018,3
774,Egypt,1267,African Cup of Nations,107,2023,4
775,Nigeria,43,FIFA World Cup,3,2018,3
775,Nigeria,1267,African Cup of Nations,107,2023,7
776,Denmark,43,FIFA World Cup,3,2018,4
776,Denmark,43,FIFA World Cup,106,2022,3
776,Denmark,55,UEFA Euro,43,2020,6
776,Denmark,55,UEFA Euro,282,2024,4
777,Tunisia,43,FIFA World Cup,3,2018,3
777,Tunisia,43,FIFA World Cup,106,2022,3
777,Tunisia,1267,African Cup of Nations,107,2023,3
778,Japan,43,FIFA World Cup,3,2018,4
778,Japan,43,FIFA World Cup,106,2022,4
779,Argentina,43,FIFA World Cup,3,2018,4
779,Argentina,43,FIFA World Cup,51,1974,1
779,Argentina,43,FIFA World Cup,54,1986,3
779,Argentina,43,FIFA World Cup,55,1990,1
779,Argentina,43,FIFA World Cup,106,2022,7
779,Argentina,223,Copa America,282,2024,6
780,Portugal,43,FIFA World Cup,3,2018,4
780,Portugal,43,FIFA World Cup,106,2022,5
780,Portugal,55,UEFA Euro,43,2020,4
780,Portugal,55,UEFA Euro,282,2024,5
781,Brazil,43,FIFA World Cup,3,2018,5
781,Brazil,43,FIFA World Cup,51,1974,1
781,Brazil,43,FIFA World Cup,55,1990,1
781,Brazil,43,FIFA World Cup,106,2022,5
781,Brazil,43,FIFA World Cup,269,1958,2
781,Brazil,43,FIFA World Cup,270,1962,1
781,Brazil,43,FIFA World Cup,272,1970,6
781,Brazil,223,Copa America,282,2024,4
782,Belgium,43,FIFA World Cup,3,2018,7
782,Belgium,43,FIFA World Cup,54,1986,1
782,Belgium,43,FIFA World Cup,106,2022,3
782,Belgium,55,UEFA Euro,43,2020,5
782,Belgium,55,UEFA Euro,282,2024,4
783,Uruguay,43,FIFA World Cup,3,2018,5
783,Uruguay,43,FIFA World Cup,106,2022,3
783,Uruguay,43,FIFA World Cup,272,1970,1
783,Uruguay,223,Copa America,282,2024,6
784,Peru,43,FIFA World Cup,3,2018,3
784,Peru,43,FIFA World Cup,272,1970,1
784,Peru,223,Copa America,282,2024,3
785,Croatia,43,FIFA World Cup,3,2018,7
785,Croatia,43,FIFA World Cup,106,2022,7
785,Croatia,55,UEFA Euro,43,2020,4
785,Croatia,55,UEFA Euro,282,2024,3
786,Serbia,43,FIFA World Cup,3,2018,3
786,Serbia,43,FIFA World Cup,106,2022,3
786,Serbia,55,UEFA Euro,282,2024,3
787,Senegal,43,FIFA World Cup,3,2018,3
787,Senegal,43,FIFA World Cup,106,2022,4
787,Senegal,1267,African Cup of Nations,107,2023,4
788,Morocco,43,FIFA World Cup,3,2018,3
788,Morocco,43,FIFA World Cup,106,2022,7
788,Morocco,1267,African Cup of Nations,107,2023,4
789,Poland,43,FIFA World Cup,3,2018,3
789,Poland,43,FIFA World Cup,106,2022,4
789,Poland,55,UEFA Euro,43,2020,3
789,Poland,55,UEFA Euro,282,2024,3
790,Sweden,43,FIFA World Cup,3,2018,5
790,Sweden,43,FIFA World Cup,51,1974,1
790,Sweden,43,FIFA World Cup,269,1958,1
790,Sweden,55,UEFA Euro,43,2020,4
791,South Korea,43,FIFA World Cup,3,2018,3
791,South Korea,43,FIFA World Cup,106,2022,4
792,Australia,43,FIFA World Cup,3,2018,3
792,Australia,43,FIFA World Cup,106,2022,4
793,Iceland,43,FIFA World Cup,3,2018,3
794,Mexico,43,FIFA World Cup,3,2018,4
794,Mexico,43,FIFA World Cup,106,2022,3
794,Mexico,43,FIFA World Cup,270,1962,1
794,Mexico,223,Copa America,282,2024,3
795,Costa Rica,43,FIFA World Cup,3,2018,3
795,Costa Rica,43,FIFA World Cup,106,2022,3
795,Costa Rica,223,Copa America,282,2024,3
796,Russia,43,FIFA World Cup,3,2018,5
796,Russia,55,UEFA Euro,43,2020,3
797,Iran,43,FIFA World Cup,3,2018,3
797,Iran,43,FIFA World Cup,106,2022,3
798,Panama,43,FIFA World Cup,3,2018,3
798,Panama,223,Copa America,282,2024,4
799,Saudi Arabia,43,FIFA World Cup,3,2018,3
799,Saudi Arabia,43,FIFA World Cup,106,2022,3
806,Ajax,16,Champions League,71,1971/1972,1
806,Ajax,16,Champions League,276,1970/1971,1
806,Ajax,16,Champions League,277,1972/1973,1
851,Netherlands Women's,53,UEFA Women's Euro,106,2022,4
851,Netherlands Women's,53,UEFA Women's Euro,315,2025,3
851,Netherlands Women's,72,Women's World Cup,30,2019,7
851,Netherlands Women's,72,Women's World Cup,107,2023,5
852,Norway Women's,53,UEFA Women's Euro,106,2022,3
852,Norway Women's,53,UEFA Women's Euro,315,2025,4
852,Norway Women's,72,Women's World Cup,30,2019,5
852,Norway Women's,72,Women's World Cup,107,2023,4
853,Denmark Women's,53,UEFA Women's Euro,106,2022,3
853,Denmark Women's,53,UEFA Women's Euro,315,2025,3
853,Denmark Women's,72,Women's World Cup,107,2023,4
854,Belgium Women's,53,UEFA Women's Euro,106,2022,4
854,Belgium Women's,53,UEFA Women's Euro,315,2025,3
855,Italy Women's,53,UEFA Women's Euro,106,2022,3
855,Italy Women's,53,UEFA Women's Euro,315,2025,5
855,Italy Women's,72,Women's World Cup,30,2019,5
855,Italy Women's,72,Women's World Cup,107,2023,3
857,Germany Women's,53,UEFA Women's Euro,106,2022,6
857,Germany Women's,53,UEFA Women's Euro,315,2025,5
857,Germany Women's,72,Women's World Cup,30,2019,5
857,Germany Women's,72,Women's World Cup,107,2023,3
858,Sweden Women's,53,UEFA Women's Euro,106,2022,5
858,Sweden Women's,53,UEFA Women's Euro,315,2025,4
858,Sweden Women's,72,Women's World Cup,30,2019,7
858,Sweden Women's,72,Women's World Cup,107,2023,7
859,Austria Women's,53,UEFA Women's Euro,106,2022,4
860,Switzerland Women's,53,UEFA Women's Euro,106,2022,3
860,Switzerland Women's,53,UEFA Women's Euro,315,2025,4
860,Switzerland Women's,72,Women's World Cup,107,2023,4
861,France Women's,53,UEFA Women's Euro,106,2022,5
861,France Women's,53,UEFA Women's Euro,315,2025,4
861,France Women's,72,Women's World Cup,30,2019,5
861,France Women's,72,Women's World Cup,107,2023,5
862,Iceland Women's,53,UEFA Women's Euro,106,2022,3
862,Iceland Women's,53,UEFA Women's Euro,315,2025,3
863,Spain Women's,53,UEFA Women's Euro,106,2022,4
863,Spain Women's,53,UEFA Women's Euro,315,2025,6
863,Spain Women's,72,Women's World Cup,30,2019,4
863,Spain Women's,72,Women's World Cup,107,2023,7
864,Portugal Women's,53,UEFA Women's Euro,106,2022,3
864,Portugal Women's,53,UEFA Women's Euro,315,2025,3
864,Portugal Women's,72,Women's World Cup,107,2023,3
865,England Women's,53,UEFA Women's Euro,106,2022,6
865,England Women's,53,UEFA Women's Euro,315,2025,6
865,England Women's,72,Women's World Cup,30,2019,7
865,England Women's,72,Women's World Cup,107,2023,7
866,Scotland W,72,Women's World Cup,30,2019,3
868,Bochum,9,1. Bundesliga,281,2023/2024,2
872,Darmstadt 98,9,1. Bundesliga,27,2015/2016,2
872,Darmstadt 98,9,1. Bundesliga,281,2023/2024,2
901,Real Valladolid,11,La Liga,4,2018/2019,2
901,Real Valladolid,11,La Liga,21,2009/2010,2
901,Real Valladolid,11,La Liga,24,2012/2013,1
901,Real Valladolid,11,La Liga,25,2013/2014,1
901,Real Valladolid,11,La Liga,40,2007/2008,1
901,Real Valladolid,11,La Liga,41,2008/2009,2
901,Real Valladolid,11,La Liga,42,2019/2020,2
901,Real Valladolid,11,La Liga,90,2020/2021,2
902,Huesca,11,La Liga,4,2018/2019,1
902,Huesca,11,La Liga,90,2020/2021,2
904,Bayer Leverkusen,9,1. Bundesliga,27,2015/2016,34
904,Bayer Leverkusen,9,1. Bundesliga,281,2023/2024,34
905,Romania,43,FIFA World Cup,272,1970,1
905,Romania,55,UEFA Euro,282,2024,4
906,Albania,55,UEFA Euro,282,2024,3
907,Wales,43,FIFA World Cup,106,2022,3
907,Wales,55,UEFA Euro,43,2020,4
908,Slovakia,55,UEFA Euro,43,2020,3
908,Slovakia,55,UEFA Euro,282,2024,4
909,Turkey,55,UEFA Euro,43,2020,3
909,Turkey,55,UEFA Euro,282,2024,5
911,Ukraine,55,UEFA Euro,43,2020,5
911,Ukraine,55,UEFA Euro,282,2024,3
912,Czech Republic,55,UEFA Euro,43,2020,5
912,Czech Republic,55,UEFA Euro,282,2024,3
914,Italy,43,FIFA World Cup,272,1970,1
914,Italy,55,UEFA Euro,43,2020,7
914,Italy,55,UEFA Euro,282,2024,4
915,Austria,55,UEFA Euro,43,2020,4
915,Austria,55,UEFA Euro,282,2024,4
916,Hungary,55,UEFA Euro,43,2020,3
916,Hungary,55,UEFA Euro,282,2024,3
919,LAFC,44,Major League Soccer,107,2023,1
920,WNT Finland,53,UEFA Women's Euro,106,2022,3
920,WNT Finland,53,UEFA Women's Euro,315,2025,3
924,Duisburg WFC,135,Frauen Bundesliga,281,2023/2024,22
929,VfL Wolfsburg WFC,135,Frauen Bundesliga,281,2023/2024,22
937,Barcelona WFC,182,Liga F,281,2023/2024,30
941,Netherlands,43,FIFA World Cup,51,1974,5
941,Netherlands,43,FIFA World Cup,106,2022,5
941,Netherlands,55,UEFA Euro,43,2020,4
941,Netherlands,55,UEFA Euro,282,2024,6
942,Scotland,55,UEFA Euro,43,2020,3
942,Scotland,55,UEFA Euro,282,2024,3
944,Slovenia,55,UEFA Euro,282,2024,4
952,Panathinaikos,16,Champions League,276,1970/1971,1
965,Brighton & Hove Albion WFC,37,FA Women's Super League,4,2018/2019,19
965,Brighton & Hove Albion WFC,37,FA Women's Super League,42,2019/2020,16
965,Brighton & Hove Albion WFC,37,FA Women's Super League,90,2020/2021,22
965,Brighton & Hove Albion WFC,37,FA Women's Super League,281,2023/2024,22
966,Liverpool WFC,37,FA Women's Super League,4,2018/2019,19
966,Liverpool WFC,37,FA Women's Super League,42,2019/2020,14
966,Liverpool WFC,37,FA Women's Super League,281,2023/2024,22
967,Everton LFC,37,FA Women's Super League,4,2018/2019,19
967,Everton LFC,37,FA Women's Super League,42,2019/2020,14
967,Everton LFC,37,FA Women's Super League,90,2020/2021,22
967,Everton LFC,37,FA Women's Super League,281,2023/2024,22
968,Arsenal WFC,37,FA Women's Super League,4,2018/2019,20
968,Arsenal WFC,37,FA Women's Super League,42,2019/2020,15
968,Arsenal WFC,37,FA Women's Super League,90,2020/2021,22
968,Arsenal WFC,37,FA Women's Super League,281,2023/2024,22
969,Birmingham City WFC,37,FA Women's Super League,4,2018/2019,19
969,Birmingham City WFC,37,FA Women's Super League,42,2019/2020,13
969,Birmingham City WFC,37,FA Women's Super League,90,2020/2021,21
970,Yeovil Town LFC,37,FA Women's Super League,4,2018/2019,19
971,Chelsea FCW,37,FA Women's Super League,4,2018/2019,19
971,Chelsea FCW,37,FA Women's Super League,42,2019/2020,15
971,Chelsea FCW,37,FA Women's Super League,90,2020/2021,22
971,Chelsea FCW,37,FA Women's Super League,281,2023/2024,22
972,West Ham United LFC,37,FA Women's Super League,4,2018/2019,20
972,West Ham United LFC,37,FA Women's Super League,42,2019/2020,14
972,West Ham United LFC,37,FA Women's Super League,90,2020/2021,22
972,West Ham United LFC,37,FA Women's Super League,281,2023/2024,22
973,Bristol City WFC,37,FA Women's Super League,4,2018/2019,20
973,Bristol City WFC,37,FA Women's Super League,42,2019/2020,14
973,Bristol City WFC,37,FA Women's Super League,90,2020/2021,22
973,Bristol City WFC,37,FA Women's Super League,281,2023/2024,22
974,Reading WFC,37,FA Women's Super League,4,2018/2019,20
974,Reading WFC,37,FA Women's Super League,42,2019/2020,14
974,Reading WFC,37,FA Women's Super League,90,2020/2021,22
1036,Gimnàstic Tarragona,11,La Liga,39,2006/2007,1
1041,Sporting Gijón,11,La Liga,2,2016/2017,1
1041,Sporting Gijón,11,La Liga,21,2009/2010,1
1041,Sporting Gijón,11,La Liga,22,2010/2011,1
1041,Sporting Gijón,11,La Liga,23,2011/2012,1
1041,Sporting Gijón,11,La Liga,27,2015/2016,38
1041,Sporting Gijón,11,La Liga,41,2008/2009,2
1042,Elche,11,La Liga,25,2013/2014,1
1042,Elche,11,La Liga,26,2014/2015,2
1042,Elche,11,La Liga,90,2020/2021,1
1043,Mallorca,11,La Liga,21,2009/2010,2
1043,Mallorca,11,La Liga,22,2010/2011,2
1043,Mallorca,11,La Liga,23,2011/2012,2
1043,Mallorca,11,La Liga,24,2012/2013,1
1043,Mallorca,11,La Liga,38,2005/2006,1
1043,Mallorca,11,La Liga,39,2006/2007,1
1043,Mallorca,11,La Liga,40,2007/2008,1
1043,Mallorca,11,La Liga,42,2019/2020,2
1049,Granada,11,La Liga,2,2016/2017,1
1049,Granada,11,La Liga,23,2011/2012,2
1049,Granada,11,La Liga,24,2012/2013,2
1049,Granada,11,La Liga,25,2013/2014,1
1049,Granada,11,La Liga,26,2014/2015,2
1049,Granada,11,La Liga,27,2015/2016,38
1049,Granada,11,La Liga,42,2019/2020,2
1049,Granada,11,La Liga,90,2020/2021,2
1069,Bayern München W,135,Frauen Bundesliga,281,2023/2024,22
1076,Juventus W,35,UEFA Europa League,75,1988/1989,1
1076,Juventus W,131,Serie A Women,281,2023/2024,26
1086,Fiorentina W,131,Serie A Women,281,2023/2024,26
1105,Atletico Madrid W,182,Liga F,281,2023/2024,30
1106,Philippines Women's,72,Women's World Cup,107,2023,3
1107,Thailand W,72,Women's World Cup,30,2019,3
1203,Brazil Women's,72,Women's World Cup,30,2019,4
1203,Brazil Women's,72,Women's World Cup,107,2023,3
1204,Argentina Women's,72,Women's World Cup,30,2019,3
1204,Argentina Women's,72,Women's World Cup,107,2023,3
1205,Australia Women's,72,Women's World Cup,30,2019,4
1205,Australia Women's,72,Women's World Cup,107,2023,7
1206,Canada Women's,72,Women's World Cup,30,2019,4
1206,Canada Women's,72,Women's World Cup,107,2023,3
1207,China PR Women's,72,Women's World Cup,30,2019,4
1207,China PR Women's,72,Women's World Cup,107,2023,3
1208,Cameroon W,72,Women's World Cup,30,2019,4
1209,Chile Women's,72,Women's World Cup,30,2019,3
1210,Japan Women's,72,Women's World Cup,30,2019,4
1210,Japan Women's,72,Women's World Cup,107,2023,5
1211,Korea Republic Women's,72,Women's World Cup,30,2019,3
1211,Korea Republic Women's,72,Women's World Cup,107,2023,3
1212,Jamaica Women's,72,Women's World Cup,30,2019,3
1212,Jamaica Women's,72,Women's World Cup,107,2023,4
1213,Nigeria Women's,72,Women's World Cup,30,2019,4
1213,Nigeria Women's,72,Women's World Cup,107,2023,4
1214,United States Women's,72,Women's World Cup,30,2019,7
1214,United States Women's,72,Women's World Cup,107,2023,4
1215,New Zealand Women's,72,Women's World Cup,30,2019,3
1215,New Zealand Women's,72,Women's World Cup,107,2023,3
1216,South Africa Women's,72,Women's World Cup,30,2019,3
1216,South Africa Women's,72,Women's World Cup,107,2023,4
1217,Racing Santander,11,La Liga,21,2009/2010,2
1217,Racing Santander,11,La Liga,22,2010/2011,2
1217,Racing Santander,11,La Liga,23,2011/2012,2
1217,Racing Santander,11,La Liga,38,2005/2006,1
1217,Racing Santander,11,La Liga,39,2006/2007,2
1217,Racing Santander,11,La Liga,40,2007/2008,2
1217,Racing Santander,11,La Liga,41,2008/2009,2
1218,Hércules,11,La Liga,22,2010/2011,2
1219,Xerez,11,La Liga,21,2009/2010,2
1220,Recreativo Huelva,11,La Liga,39,2006/2007,1
1220,Recreativo Huelva,11,La Liga,40,2007/2008,2
1220,Recreativo Huelva,11,La Liga,41,2008/2009,2
1230,Real Murcia CF,11,La Liga,40,2007/2008,1
1324,River Plate,81,Liga Profesional,48,1997/1998,1
1324,River Plate,81,Liga Profesional,275,1981,1
1328,Boca Juniors,81,Liga Profesional,48,1997/1998,1
1328,Boca Juniors,81,Liga Profesional,275,1981,1
1475,Manchester United W,37,FA Women's Super League,42,2019/2020,14
1475,Manchester United W,37,FA Women's Super League,90,2020/2021,22
1475,Manchester United W,37,FA Women's Super League,281,2023/2024,22
1683,Carpi,12,Serie A,27,2015/2016,38
1832,Costa Rica Women's,72,Women's World Cup,107,2023,3
1833,Canada,43,FIFA World Cup,106,2022,3
1833,Canada,223,Copa America,282,2024,6
1835,Finland,55,UEFA Euro,43,2020,3
1839,United States,43,FIFA World Cup,106,2022,4
1839,United States,223,Copa America,282,2024,3
1938,Nashville SC,44,Major League Soccer,107,2023,1
1975,Inter Miami,44,Major League Soccer,107,2023,6
2021,Jamshedpur,1238,Indian Super league,108,2021/2022,22
2138,Georgia,55,UEFA Euro,282,2024,4
2256,Palermo,12,Serie A,27,2015/2016,38
2305,Jamaica,223,Copa America,282,2024,3
2355,Haiti Women's,72,Women's World Cup,107,2023,3
2358,North Macedonia,55,UEFA Euro,43,2020,3
2391,Morocco Women's,72,Women's World Cup,107,2023,4
2456,Wales W,53,UEFA Women's Euro,315,2025,3
2457,Northern Ireland W,53,UEFA Women's Euro,106,2022,3
2647,Aston Villa W,37,FA Women's Super League,90,2020/2021,22
2647,Aston Villa W,37,FA Women's Super League,281,2023/2024,22
2652,Leicester City WFC,37,FA Women's Super League,281,2023/2024,22
2721,German DR,43,FIFA World Cup,51,1974,2
2722,Cameroon,43,FIFA World Cup,106,2022,3
2722,Cameroon,1267,African Cup of Nations,107,2023,4
2735,NY Cosmos,116,North American League,68,1977,1
2736,Bastia,7,Ligue 1,27,2015/2016,37
3144,FC Internazionale Milano W,131,Serie A Women,281,2023/2024,26
3150,AC Milan W,131,Serie A Women,281,2023/2024,26
3152,AS Roma W,131,Serie A Women,281,2023/2024,26
3154,Sassuolo W,131,Serie A Women,281,2023/2024,26
3155,Napoli W,131,Serie A Women,281,2023/2024,26
3164,SGS Essen 19/68,135,Frauen Bundesliga,281,2023/2024,22
3165,SC Freiburg,135,Frauen Bundesliga,281,2023/2024,22
3166,TSV Bayer 04 Leverkusen,135,Frauen Bundesliga,281,2023/2024,22
3168,SV Werder Bremen,135,Frauen Bundesliga,281,2023/2024,22
3169,Hoffenheim W,135,Frauen Bundesliga,281,2023/2024,22
3170,Eintracht Frankfurt W,135,Frauen Bundesliga,281,2023/2024,22
3269,Costa Adeje Tenerife,182,Liga F,281,2023/2024,30
3270,Athletic Club Bilbao,182,Liga F,281,2023/2024,30
3272,Real Sociedad de Fútbol,182,Liga F,281,2023/2024,30
3274,Levante UD Femenino,182,Liga F,281,2023/2024,30
3275,SD Eibar,182,Liga F,281,2023/2024,30
3277,Valencia CF,182,Liga F,281,2023/2024,30
3278,Madrid CFF,182,Liga F,281,2023/2024,30
3279,Real Betis Balompié,182,Liga F,281,2023/2024,30
3280,CD Sporting de Huelva,182,Liga F,281,2023/2024,30
3281,Sevilla FC,182,Liga F,281,2023/2024,30
3282,Real Madrid CF W,182,Liga F,281,2023/2024,30
3374,Côte d'Ivoire,1267,African Cup of Nations,107,2023,7
3562,Chile,223,Copa America,282,2024,3
3563,Venezuela,223,Copa America,282,2024,4
3564,Bolivia,223,Copa America,282,2024,3
3565,Ecuador,43,FIFA World Cup,106,2022,3
3565,Ecuador,223,Copa America,282,2024,4
3566,Qatar,43,FIFA World Cup,106,2022,3
3567,Paraguay,223,Copa America,282,2024,3
4881,Congo DR,1267,African Cup of Nations,107,2023,7
4885,Ghana,43,FIFA World Cup,106,2022,3
4885,Ghana,1267,African Cup of Nations,107,2023,3
4892,Guinea,1267,African Cup of Nations,107,2023,5
4894,Guinea-Bissau,1267,African Cup of Nations,107,2023,3
4898,Algeria,1267,African Cup of Nations,107,2023,3
4901,Angola,1267,African Cup of Nations,107,2023,5
4921,Burkina Faso,1267,African Cup of Nations,107,2023,4
4924,Cape Verde Islands,1267,African Cup of Nations,107,2023,5
4930,Mali,1267,African Cup of Nations,107,2023,5
4932,Mauritania,1267,African Cup of Nations,107,2023,4
4934,Gambia,1267,African Cup of Nations,107,2023,3
4953,Tanzania,1267,African Cup of Nations,107,2023,3
4963,Zambia,1267,African Cup of Nations,107,2023,3
4976,South Africa,1267,African Cup of Nations,107,2023,7
4978,Mozambique,1267,African Cup of Nations,107,2023,3
4980,Namibia,1267,African Cup of Nations,107,2023,4
4992,Equatorial Guinea,1267,African Cup of Nations,107,2023,4
5105,Racing Louisville FC,49,NWSL,107,2023,22
5106,KC Current,49,NWSL,107,2023,22
6045,Zambia W,72,Women's World Cup,107,2023,3
6602,Köln,135,Frauen Bundesliga,281,2023/2024,22
6604,Villarreal,182,Liga F,281,2023/2024,30
6755,Pomigliano,131,Serie A Women,281,2023/2024,26
6757,Sampdoria W,131,Serie A Women,281,2023/2024,26
7282,Mohun Bagan Super Giant,1238,Indian Super league,108,2021/2022,22
7283,Kerala Blasters,1238,Indian Super league,108,2021/2022,23
7284,Bengaluru,1238,Indian Super league,108,2021/2022,20
7285,NorthEast United,1238,Indian Super league,108,2021/2022,20
7286,East Bengal,1238,Indian Super league,108,2021/2022,20
7287,Mumbai City,1238,Indian Super league,108,2021/2022,20
7288,Goa,1238,Indian Super league,108,2021/2022,20
7289,SC Delhi,1238,Indian Super league,108,2021/2022,23
7290,Chennaiyin,1238,Indian Super league,108,2021/2022,20
7291,Odisha,1238,Indian Super league,108,2021/2022,20
8070,Charlotte,44,Major League Soccer,107,2023,1
9100,Angel City,49,NWSL,107,2023,23
9101,San Diego Wave,49,NWSL,107,2023,23
9763,Argentina U20,1470,FIFA U20 World Cup,274,1979,1
11558,Como W,131,Serie A Women,281,2023/2024,26
11864,FC Levante Badalona,182,Liga F,281,2023/2024,30
16768,Republic of Ireland Women's,72,Women's World Cup,107,2023,3
16769,Vietnam Women's,72,Women's World Cup,107,2023,3
16802,Colombia Women's,72,Women's World Cup,107,2023,5
16803,Panama Women's,72,Women's World Cup,107,2023,3
17403,Soviet Union U20,1470,FIFA U20 World Cup,274,1979,1
17469,Czechoslovakia,43,FIFA World Cup,272,1970,1
18938,Granada W,182,Liga F,281,2023/2024,30
19106,Nürnberg W,135,Frauen Bundesliga,281,2023/2024,22
19107,RB Leipzig W,135,Frauen Bundesliga,281,2023/2024,22
29167,Poland Women's,53,UEFA Women's Euro,315,2025,3
